zip,borough,lat,lng,median_response_hours,count
00000,Bronx,40.82767,-73.83165,0.8333333333333334,1
00000,Queens,40.69218,-73.77698,24.116666666666667,1
00000,UNSPECIFIED,40.744114,-73.90541,719.6925,6
00083,Manhattan,40.77622,-73.96883,2.3245833333333334,529
00765,UNSPECIFIED,40.67273,-73.8134,369.91055555555556,1
06831,UNSPECIFIED,40.7447,-74.00834,565.3305555555555,1
07020,UNSPECIFIED,40.73514,-74.00608,1080.0,1
07030,UNSPECIFIED,40.728607,-73.86828,724.4552777777778,2
07114,UNSPECIFIED,40.771595,-73.95525,978.0098611111111,4
07201,UNSPECIFIED,40.68517,-74.0079,816.2833333333333,1
07666,UNSPECIFIED,40.72597,-73.98361,565.1425,1
07726,UNSPECIFIED,40.5902,-74.09369,372.83722222222224,1
08876,UNSPECIFIED,40.67957,-73.90606,375.38416666666666,1
10000,Manhattan,40.780193,-73.967415,1.4501388888888889,4841
10001,Manhattan,40.74929,-73.994644,18.673472222222223,163935
10001,UNSPECIFIED,40.748825,-73.99489,144.0,1436
10002,Manhattan,40.717316,-73.98836,6.990555555555556,289408
10002,UNSPECIFIED,40.71749,-73.98904,144.0,3549
10003,Manhattan,40.731503,-73.98852,22.2325,264575
10003,UNSPECIFIED,40.730072,-73.98735,168.0,2617
10004,Manhattan,40.704433,-74.01261,4.222222222222222,34038
10004,UNSPECIFIED,40.70319,-74.012436,69.24027777777778,56
10005,Manhattan,40.70627,-74.00887,10.785138888888888,30591
10005,UNSPECIFIED,40.711456,-74.006615,600.0,27
10006,Manhattan,40.708344,-74.01339,11.333333333333334,19511
10006,UNSPECIFIED,40.708195,-74.013695,312.0,68
10007,Manhattan,40.713615,-74.008545,6.154444444444445,50885
10007,UNSPECIFIED,40.713764,-74.007744,240.0,90
10009,Manhattan,40.72602,-73.981026,9.65013888888889,236844
10009,UNSPECIFIED,40.72594,-73.98144,168.0,3916
10010,Manhattan,40.73953,-73.98443,28.63111111111111,104568
10010,UNSPECIFIED,40.738552,-73.98214,168.0,874
10011,Manhattan,40.741005,-73.999435,30.554444444444446,232654
10011,UNSPECIFIED,40.74156,-73.999855,144.0,3058
10012,Manhattan,40.725456,-73.998,20.377222222222223,146327
10012,UNSPECIFIED,40.72543,-73.99863,168.0,1442
10013,Brooklyn,40.7222,-74.01056,16.333333333333332,1
10013,Manhattan,40.719646,-74.003136,20.866666666666667,160080
10013,UNSPECIFIED,40.719017,-74.00211,168.0,1164
10014,Manhattan,40.733936,-74.00476,26.143611111111113,164978
10014,UNSPECIFIED,40.734097,-74.004486,144.0,2519
10016,Manhattan,40.745075,-73.97955,32.202222222222225,207315
10016,UNSPECIFIED,40.744614,-73.97963,168.0,2105
10017,Manhattan,40.752815,-73.9736,23.222916666666666,81152
10017,UNSPECIFIED,40.752434,-73.97058,168.0,443
10018,Manhattan,40.754482,-73.99125,21.633333333333333,81634
10018,UNSPECIFIED,40.75531,-73.99404,216.0,592
10019,Brooklyn,40.76148,-73.9881,362.84527777777777,1
10019,Manhattan,40.765007,-73.98496,20.728749999999998,247380
10019,UNSPECIFIED,40.765026,-73.98659,168.0,2232
10020,Manhattan,40.75908,-73.979675,21.23375,4589
10020,UNSPECIFIED,40.75898,-73.98108,252.0,2
10021,Manhattan,40.769547,-73.958405,44.86083333333333,101585
10021,UNSPECIFIED,40.769497,-73.95736,144.0,1157
10022,Bronx,40.75534,-73.96959,349.5391666666667,1
10022,Manhattan,40.758705,-73.96803,34.8,126428
10022,UNSPECIFIED,40.75799,-73.96675,168.0,1185
10023,Manhattan,40.776585,-73.981094,56.656527777777775,216305
10023,UNSPECIFIED,40.777554,-73.98073,168.0,1665
10024,Manhattan,40.78645,-73.97527,40.38361111111111,180467
10024,UNSPECIFIED,40.786457,-73.975815,168.0,3551
10025,Manhattan,40.79807,-73.96726,32.73902777777778,302664
10025,UNSPECIFIED,40.797855,-73.9667,144.0,6491
10026,Manhattan,40.802464,-73.9532,11.360833333333332,201438
10026,UNSPECIFIED,40.802433,-73.953514,168.0,4839
10027,Manhattan,40.811035,-73.950836,25.750555555555557,282470
10027,UNSPECIFIED,40.81153,-73.95054,192.0,7541
10028,Manhattan,40.776604,-73.95385,36.000277777777775,132615
10028,UNSPECIFIED,40.77535,-73.95183,168.0,2494
10029,Manhattan,40.792683,-73.94424,16.819444444444443,251658
10029,UNSPECIFIED,40.7932,-73.944466,168.0,6032
10030,Manhattan,40.818295,-73.9428,31.94527777777778,170769
10030,Queens,40.81649,-73.94445,1080.0,1
10030,UNSPECIFIED,40.817905,-73.94255,216.0,5158
10031,Manhattan,40.825054,-73.94956,24.0,385912
10031,UNSPECIFIED,40.8256,-73.94902,192.0,16583
10032,Bronx,40.84524,-73.94017,75.71666666666667,1
10032,Manhattan,40.837566,-73.94122,24.88361111111111,346903
10032,UNSPECIFIED,40.83742,-73.94149,216.0,17549
10033,Manhattan,40.849102,-73.93527,24.563055555555554,280451
10033,UNSPECIFIED,40.849064,-73.9354,192.0,11516
10034,Manhattan,40.866432,-73.92196,12.65986111111111,279787
10034,UNSPECIFIED,40.866016,-73.9218,192.0,9444
10035,Manhattan,40.801506,-73.93755,19.567777777777778,179047
10035,Queens,40.79218,-73.92453,161.71166666666664,11
10035,UNSPECIFIED,40.801804,-73.93819,216.0,4145
10036,Manhattan,40.759377,-73.98983,21.25,192081
10036,UNSPECIFIED,40.76036,-73.99102,144.0,2583
10037,Manhattan,40.813465,-73.93793,31.05,87176
10037,UNSPECIFIED,40.81491,-73.93749,168.0,3245
10038,Manhattan,40.709484,-74.00461,9.466666666666667,77996
10038,UNSPECIFIED,40.710697,-74.00486,192.0,364
10039,Manhattan,40.825115,-73.93859,33.85847222222222,128172
10039,UNSPECIFIED,40.824608,-73.9386,216.0,3207
10040,Manhattan,40.85858,-73.92927,14.938611111111111,274229
10040,UNSPECIFIED,40.858063,-73.92952,168.0,15043
10041,Manhattan,40.703606,-74.00974,25.07027777777778,428
10044,Manhattan,40.76242,-73.94929,72.0,5870
10044,Queens,40.763268,-73.94866,127.53333333333333,26
10044,UNSPECIFIED,40.761547,-73.95002,288.0,163
10045,Manhattan,40.708412,-74.00882,3.256388888888889,123
10048,Manhattan,40.712833,-74.013115,8.164444444444445,335
10055,Manhattan,40.758766,-73.97383,21.691666666666666,43
10065,Manhattan,40.76438,-73.963326,36.56902777777778,88905
10065,UNSPECIFIED,40.764233,-73.96296,192.0,1073
10069,Manhattan,40.776184,-73.98929,15.266666666666667,6384
10075,Manhattan,40.77296,-73.95563,45.03333333333333,63889
10075,UNSPECIFIED,40.77289,-73.955055,168.0,973
10080,Manhattan,40.710667,-74.01191,1.7669444444444444,8
10096,Manhattan,40.754787,-73.98283,1080.0,3
10103,Manhattan,40.760353,-73.97644,4.958888888888889,589
10104,Manhattan,40.760612,-73.97975,590.4622222222222,7
10105,Manhattan,40.761517,-73.97988,6.529722222222222,644
10106,Manhattan,40.76506,-73.980385,6.884444444444444,312
10107,Manhattan,40.766396,-73.98214,2.5094444444444446,797
10108,UNSPECIFIED,40.75923,-73.98657,87.48305555555555,1
10110,Manhattan,40.75358,-73.98085,2.54125,181
10111,Manhattan,40.759216,-73.977936,51.98083333333334,230
10112,Manhattan,40.75877,-73.97872,11.104444444444445,479
10115,Manhattan,40.810932,-73.96427,24.302500000000002,117
10118,Manhattan,40.74835,-73.98491,12.549722222222222,447
10119,Manhattan,40.755547,-73.987144,12.933333333333334,1011
10120,Manhattan,40.749992,-73.98829,1.646388888888889,499
10121,Manhattan,40.750095,-73.991974,42.736111111111114,1737
10122,Manhattan,40.751553,-73.991936,6.941111111111111,77
10123,Manhattan,40.751465,-73.99029,5.306527777777777,216
10128,Manhattan,40.781563,-73.950424,41.41555555555556,133786
10128,UNSPECIFIED,40.781242,-73.95073,144.0,2135
10129,Manhattan,40.787758,-73.955215,144.0,144
10151,Manhattan,40.763367,-73.973625,1.5119444444444445,342
10152,Manhattan,40.758785,-73.972786,16.92888888888889,87
10153,Manhattan,40.76406,-73.97315,2.4975,670
10154,Manhattan,40.758247,-73.972755,5.531666666666666,173
10155,Manhattan,40.761337,-73.96809,5.245555555555556,91
10158,Manhattan,40.749107,-73.97566,23.208333333333336,214
10162,Manhattan,40.76993,-73.951065,6.726527777777777,519
10165,Manhattan,40.752434,-73.97842,13.936666666666667,224
10166,Manhattan,40.752876,-73.97688,6.283333333333333,29
10167,Manhattan,40.754833,-73.97566,15.70861111111111,111
10168,Manhattan,40.751453,-73.9761,12.76125,459
10169,Manhattan,40.754536,-73.97593,4.53736111111111,3413
10170,Manhattan,40.752277,-73.97546,3.973333333333333,183
10171,Manhattan,40.75637,-73.97456,23.25819444444444,105
10172,Manhattan,40.755577,-73.97511,22.110277777777778,372
10173,Manhattan,40.75388,-73.978516,3.1523611111111114,206
10174,Manhattan,40.751766,-73.9758,4.444583333333334,139
10175,Manhattan,40.754303,-73.98028,1.8900000000000001,28
10176,Manhattan,40.755604,-73.97932,16.74875,84
10177,Manhattan,40.755,-73.97559,11.073611111111111,98
10178,Manhattan,40.75107,-73.978424,10.021666666666667,134
10179,Manhattan,40.75585,-73.97704,179.67277777777778,57
10259,Manhattan,40.708626,-74.01006,601.6220833333333,2
10270,Manhattan,40.70646,-74.00772,591.7427777777777,1
10271,Manhattan,40.708443,-74.011116,1.8755555555555556,335
10275,Manhattan,40.705692,-74.01408,0.6566666666666666,19
10278,Manhattan,40.715538,-74.004684,0.6284722222222222,927
10279,Manhattan,40.712254,-74.007904,6.4688888888888885,289
10280,Manhattan,40.70931,-74.0167,24.5,8394
10280,UNSPECIFIED,40.709972,-74.01635,288.0,24
10281,Manhattan,40.713448,-74.01565,2.595138888888889,1837
10282,Manhattan,40.716484,-74.015465,5.548472222222222,6646
10282,UNSPECIFIED,40.716686,-74.01549,636.0,10
10285,UNSPECIFIED,40.71445,-74.0155,97.07833333333333,1
10301,Staten Island,40.63451,-74.089554,28.416666666666668,183620
10301,UNSPECIFIED,40.63838,-74.08671,144.0,3179
10302,Staten Island,40.632053,-74.13699,30.766666666666666,81511
10302,UNSPECIFIED,40.63456,-74.13676,168.0,1825
10303,Staten Island,40.63175,-74.159386,30.616666666666667,96279
10303,UNSPECIFIED,40.634403,-74.16163,168.0,1539
10304,Staten Island,40.61426,-74.08562,33.4,170531
10304,UNSPECIFIED,40.617798,-74.08303,168.0,3079
10305,Brooklyn,40.58731,-74.09142,352.575,1
10305,Staten Island,40.598278,-74.075806,25.25,142243
10305,UNSPECIFIED,40.601524,-74.069984,144.0,773
10306,Staten Island,40.569096,-74.115654,30.735555555555557,207933
10306,UNSPECIFIED,40.566936,-74.11371,144.0,1022
10307,Staten Island,40.509007,-74.24264,28.333333333333332,45211
10307,UNSPECIFIED,40.510822,-74.246185,144.0,146
10308,Staten Island,40.551662,-74.15044,31.9,95220
10308,UNSPECIFIED,40.54957,-74.15013,192.0,277
10309,Staten Island,40.53359,-74.21446,29.35,117252
10309,UNSPECIFIED,40.530785,-74.21199,96.0,357
10310,Staten Island,40.632767,-74.11714,24.55,102709
10310,UNSPECIFIED,40.634304,-74.11934,168.0,1622
10312,Staten Island,40.545647,-74.17861,31.816666666666666,210425
10312,UNSPECIFIED,40.549755,-74.18002,144.0,429
10314,Staten Island,40.603767,-74.14823,28.2,282119
10314,UNSPECIFIED,40.605865,-74.15688,144.0,1073
10396,UNSPECIFIED,40.56535,-74.11876,1080.0,1
10400,Bronx,40.807995,-73.88222,4.86,5
10401,UNSPECIFIED,40.73269,-73.77378,372.28805555555556,1
10451,Bronx,40.82244,-73.921,32.476527777777775,226952
10451,Manhattan,40.82903,-73.9285,114.66666666666667,1
10451,UNSPECIFIED,40.82335,-73.920876,120.0,7941
10452,Bronx,40.837074,-73.92233,44.236666666666665,438193
10452,UNSPECIFIED,40.837112,-73.921364,144.0,19491
10453,Bronx,40.852043,-73.911705,45.56180555555555,433905
10453,UNSPECIFIED,40.852325,-73.9115,144.0,22780
10454,Bronx,40.807888,-73.918724,27.01388888888889,147300
10454,UNSPECIFIED,40.80806,-73.91836,168.0,4489
10455,Bronx,40.81522,-73.907906,26.910416666666666,185730
10455,UNSPECIFIED,40.81527,-73.906395,144.0,6555
10456,Bronx,40.8316,-73.9098,39.91888888888889,406166
10456,UNSPECIFIED,40.831768,-73.9111,144.0,17865
10457,Bronx,40.848003,-73.90002,41.550555555555555,446044
10457,UNSPECIFIED,40.84764,-73.9009,144.0,21318
10458,Bronx,40.862988,-73.88946,48.0,446370
10458,UNSPECIFIED,40.862957,-73.88998,144.0,22664
10459,Bronx,40.825233,-73.89442,48.0,230750
10459,UNSPECIFIED,40.8252,-73.894844,144.0,10611
10460,Bronx,40.84047,-73.88034,38.883472222222224,303264
10460,UNSPECIFIED,40.840603,-73.87978,144.0,14588
10461,Bronx,40.84619,-73.84019,21.862222222222222,240729
10461,UNSPECIFIED,40.845486,-73.842064,96.0,4185
10462,Bronx,40.844692,-73.86018,29.585555555555555,318804
10462,UNSPECIFIED,40.84625,-73.8616,96.0,9328
10463,Bronx,40.88069,-73.9046,18.95,285268
10463,Manhattan,40.875763,-73.91089,103.16083333333333,21582
10463,UNSPECIFIED,40.878746,-73.90418,144.0,9831
10464,Bronx,40.849583,-73.78904,18.071666666666665,32468
10464,UNSPECIFIED,40.851837,-73.791374,108.0,130
10465,Bronx,40.826805,-73.820435,11.177777777777777,169031
10465,UNSPECIFIED,40.82464,-73.82033,120.0,1202
10466,Bronx,40.89169,-73.85524,7.885833333333333,571716
10466,UNSPECIFIED,40.89124,-73.85475,144.0,8286
10467,Bronx,40.874584,-73.87142,45.062916666666666,519665
10467,UNSPECIFIED,40.874523,-73.872025,120.0,23038
10468,Bronx,40.866608,-73.9,26.90083333333333,455251
10468,UNSPECIFIED,40.866543,-73.89956,144.0,21101
10469,Bronx,40.870636,-73.849304,23.565416666666664,248269
10469,UNSPECIFIED,40.873623,-73.85072,144.0,4851
10470,Bronx,40.901375,-73.85825,25.165972222222223,91376
10470,UNSPECIFIED,40.902355,-73.85481,144.0,2402
10471,Bronx,40.90082,-73.901855,15.75,78702
10471,UNSPECIFIED,40.89906,-73.90161,96.0,769
10472,Bronx,40.8294,-73.87117,24.0,316649
10472,UNSPECIFIED,40.82924,-73.872406,168.0,12813
10473,Bronx,40.81831,-73.859474,9.28375,180561
10473,UNSPECIFIED,40.818897,-73.8594,120.0,2713
10474,Bronx,40.815186,-73.887184,33.375138888888884,83596
10474,Manhattan,40.81202,-73.87858,67.1,1
10474,UNSPECIFIED,40.816105,-73.88783,168.0,3562
10475,Bronx,40.876263,-73.8283,23.916666666666668,48838
10475,UNSPECIFIED,40.872597,-73.827805,432.0,496
10502,UNSPECIFIED,40.58069,-74.11162,1025.606388888889,1
10507,UNSPECIFIED,40.64824,-73.78824,49.83833333333333,1
10601,UNSPECIFIED,40.71346,-74.00908,369.71166666666664,1
10705,UNSPECIFIED,40.54246,-74.14319,815.4044444444445,1
10801,UNSPECIFIED,40.67503,-73.97123,373.1911111111111,1
10803,Bronx,40.88182,-73.80395,41.93277777777778,172
11001,Queens,40.73293,-73.7084,39.03638888888889,12745
11001,UNSPECIFIED,40.731194,-73.72039,312.0,32
11003,Queens,40.65261,-73.9503,24.4175,1
11004,Queens,40.74425,-73.71146,32.5,35424
11004,UNSPECIFIED,40.7411,-73.712006,120.0,103
11005,Queens,40.758244,-73.71589,28.700000000000003,719
11005,UNSPECIFIED,40.75848,-73.71726,6.078611111111111,19
11010,UNSPECIFIED,40.68854,-73.77903,124.76916666666666,1
11021,Queens,40.768444,-73.79825,1.5872222222222223,3
11021,UNSPECIFIED,40.69756,-73.92678,375.53833333333336,1
11040,Queens,40.749737,-73.70503,26.55,8344
11040,UNSPECIFIED,40.694935,-73.717674,419.2495833333333,6
11042,UNSPECIFIED,40.67602,-73.93421,373.4638888888889,1
11096,Queens,40.61114,-73.74849,0.14694444444444443,1
11101,Bronx,40.754704,-73.93206,20.494722222222222,709
11101,Brooklyn,40.74815,-73.95226,24.433333333333334,1
11101,Manhattan,40.739426,-73.94832,441.4629166666667,17
11101,Queens,40.748737,-73.9404,6.866666666666666,247245
11101,UNSPECIFIED,40.749176,-73.93734,192.0,1253
11102,Bronx,40.77125,-73.925446,24.0,578
11102,Queens,40.77114,-73.92519,10.520833333333332,138591
11102,UNSPECIFIED,40.77087,-73.924675,216.0,2000
11103,Bronx,40.763268,-73.91262,31.416666666666664,723
11103,Queens,40.763195,-73.91384,10.366666666666667,167983
11103,UNSPECIFIED,40.76352,-73.91415,192.0,2395
11104,Queens,40.74412,-73.92111,23.782777777777778,101108
11104,UNSPECIFIED,40.744293,-73.92165,216.0,2415
11105,Bronx,40.77625,-73.90751,24.0,742
11105,Queens,40.77609,-73.909515,17.004444444444445,155038
11105,UNSPECIFIED,40.777554,-73.91104,192.0,1643
11106,Bronx,40.760838,-73.93073,24.0,789
11106,Queens,40.761715,-73.92936,15.466666666666667,157017
11106,UNSPECIFIED,40.761486,-73.92818,216.0,1968
11109,Queens,40.74623,-73.956924,1.0355555555555556,8255
11109,UNSPECIFIED,40.74445,-73.95602,120.0,1
11201,Brooklyn,40.694435,-73.989395,5.294305555555555,302298
11201,Manhattan,40.698982,-73.99622,44.47027777777778,5
11201,UNSPECIFIED,40.692486,-73.99239,144.0,1673
11203,Brooklyn,40.651024,-73.93489,38.57611111111111,333030
11203,UNSPECIFIED,40.650585,-73.93755,168.0,13597
11204,Brooklyn,40.617302,-73.98525,19.383333333333333,251670
11204,UNSPECIFIED,40.615086,-73.98439,144.0,3154
11205,Brooklyn,40.693275,-73.964615,6.765555555555555,197119
11205,UNSPECIFIED,40.692722,-73.96288,168.0,2792
11206,Brooklyn,40.70121,-73.94207,13.234861111111112,311911
11206,Queens,40.69879,-73.93901,359.2,1
11206,UNSPECIFIED,40.69911,-73.94225,168.0,6119
11207,Brooklyn,40.672478,-73.89518,31.21902777777778,459314
11207,Queens,40.681316,-73.89636,5.581111111111111,37
11207,UNSPECIFIED,40.673386,-73.896736,168.0,17719
11208,Brooklyn,40.676376,-73.87333,24.0,415833
11208,Queens,40.67788,-73.8625,5.5337499999999995,721
11208,UNSPECIFIED,40.676445,-73.87402,144.0,13098
11209,Brooklyn,40.625473,-74.02971,24.0,303848
11209,Queens,40.630016,-74.03169,145.01666666666668,5
11209,UNSPECIFIED,40.625603,-74.02856,120.0,5168
11210,Brooklyn,40.630337,-73.946495,37.61666666666667,257805
11210,UNSPECIFIED,40.634422,-73.94645,144.0,9715
11211,Brooklyn,40.712444,-73.95218,21.85,317635
11211,UNSPECIFIED,40.711292,-73.95673,144.0,6121
11212,Brooklyn,40.661835,-73.91555,48.0,328471
11212,UNSPECIFIED,40.660805,-73.91733,144.0,14422
11213,Brooklyn,40.67088,-73.935875,49.22527777777778,342380
11213,UNSPECIFIED,40.67025,-73.93531,168.0,16321
11214,Brooklyn,40.601852,-73.99675,16.829305555555557,287850
11214,UNSPECIFIED,40.60313,-73.996796,120.0,6111
11215,Brooklyn,40.667763,-73.984146,28.266666666666666,309537
11215,UNSPECIFIED,40.66725,-73.984055,144.0,3299
11216,Brooklyn,40.680458,-73.94928,45.3,347472
11216,UNSPECIFIED,40.679165,-73.949425,168.0,12838
11217,Brooklyn,40.682682,-73.97925,12.547222222222222,220103
11217,UNSPECIFIED,40.68278,-73.97809,144.0,1762
11218,Brooklyn,40.642147,-73.97601,24.0,278502
11218,UNSPECIFIED,40.641308,-73.974655,120.0,6787
11219,Brooklyn,40.633278,-73.99692,27.683333333333334,234777
11219,UNSPECIFIED,40.6343,-73.995445,144.0,4937
11220,Brooklyn,40.641182,-74.013985,22.416666666666668,316880
11220,UNSPECIFIED,40.642433,-74.013054,144.0,6571
11221,Brooklyn,40.691242,-73.92771,29.883333333333333,421285
11221,UNSPECIFIED,40.691124,-73.92666,144.0,17467
11222,Brooklyn,40.727848,-73.95016,17.97958333333333,230662
11222,UNSPECIFIED,40.7291,-73.950836,144.0,3119
11223,Brooklyn,40.598892,-73.97334,16.083333333333332,266368
11223,UNSPECIFIED,40.600143,-73.97234,144.0,3382
11224,Brooklyn,40.576527,-73.99025,20.747638888888886,113984
11224,UNSPECIFIED,40.575466,-73.99168,168.0,2412
11225,Brooklyn,40.663033,-73.954414,48.0,346907
11225,UNSPECIFIED,40.66358,-73.95438,144.0,16846
11226,Brooklyn,40.647446,-73.95686,48.0,593891
11226,UNSPECIFIED,40.647312,-73.95713,168.0,31946
11228,Brooklyn,40.618237,-74.01158,16.133333333333333,146485
11228,UNSPECIFIED,40.61992,-74.01045,120.0,621
11229,Brooklyn,40.601894,-73.948006,24.59861111111111,279660
11229,UNSPECIFIED,40.603584,-73.95266,120.0,5138
11230,Brooklyn,40.623028,-73.96438,28.490000000000002,334676
11230,UNSPECIFIED,40.62382,-73.96126,144.0,9212
11231,Brooklyn,40.679916,-74.001144,24.0,171036
11231,UNSPECIFIED,40.680992,-74.00055,168.0,1243
11232,Brooklyn,40.65363,-74.002365,12.604861111111111,134312
11232,UNSPECIFIED,40.652306,-74.00109,144.0,2708
11233,Brooklyn,40.6785,-73.919624,48.0,341954
11233,UNSPECIFIED,40.678154,-73.91871,144.0,17269
11234,Brooklyn,40.619812,-73.9239,18.89,326598
11234,UNSPECIFIED,40.623577,-73.92573,168.0,2907
11235,Brooklyn,40.583965,-73.952896,24.0,303696
11235,UNSPECIFIED,40.582466,-73.95489,120.0,6247
11236,Brooklyn,40.640614,-73.903915,24.0,289630
11236,UNSPECIFIED,40.640934,-73.90445,168.0,5027
11237,Brooklyn,40.70154,-73.918884,18.116666666666667,283158
11237,Queens,40.703964,-73.914536,13.083333333333334,815
11237,UNSPECIFIED,40.70057,-73.91834,164.9597222222222,11195
11238,Brooklyn,40.679474,-73.96316,25.283333333333335,329598
11238,UNSPECIFIED,40.67837,-73.96248,168.0,7728
11239,Brooklyn,40.653473,-73.874504,1.5473611111111112,59327
11239,UNSPECIFIED,40.64913,-73.88233,264.0,174
11241,Brooklyn,40.69345,-73.99057,9.733611111111111,227
11242,Brooklyn,40.693214,-73.99067,17.826388888888886,174
11243,Brooklyn,40.6851,-73.97779,58.05888888888889,21
11243,UNSPECIFIED,40.6851,-73.97779,96.0,1
11249,Brooklyn,40.714188,-73.96262,7.019444444444445,129722
11249,Manhattan,40.72308,-73.96248,265.91583333333335,1
11249,UNSPECIFIED,40.716812,-73.96224,312.64222222222224,3
11251,Brooklyn,40.70098,-73.966125,9.04,193
11321,Queens,40.7817,-73.82168,366.4136111111111,1
11354,Queens,40.766376,-73.82557,24.0,164903
11354,UNSPECIFIED,40.765743,-73.822754,192.0,1438
11355,Queens,40.753376,-73.8225,20.933333333333334,211488
11355,UNSPECIFIED,40.755566,-73.82323,192.0,2927
11356,Queens,40.785446,-73.84452,13.526944444444444,117244
11356,UNSPECIFIED,40.783882,-73.84567,216.0,498
11357,Queens,40.785233,-73.811745,26.066666666666666,146412
11357,UNSPECIFIED,40.786564,-73.81377,192.0,384
11358,Queens,40.760998,-73.79705,27.4,140778
11358,UNSPECIFIED,40.76095,-73.798164,192.0,731
11359,Queens,40.789085,-73.78675,1.3708333333333333,703
11360,Queens,40.78,-73.782166,17.939444444444444,43445
11360,UNSPECIFIED,40.781425,-73.7809,204.0,254
11361,Queens,40.763073,-73.77388,26.316666666666666,110045
11361,UNSPECIFIED,40.762333,-73.77504,288.0,510
11362,Queens,40.76055,-73.73294,46.05,54134
11362,UNSPECIFIED,40.760353,-73.73017,144.0,303
11363,Queens,40.771805,-73.745575,50.68069444444444,32755
11363,UNSPECIFIED,40.77023,-73.74328,192.0,75
11364,Queens,40.746304,-73.75998,35.96666666666667,95883
11364,UNSPECIFIED,40.741398,-73.75986,168.0,738
11365,Queens,40.737488,-73.79684,11.7,131711
11365,UNSPECIFIED,40.735508,-73.79804,168.0,415
11366,Queens,40.72415,-73.80338,1.1188888888888888,149512
11366,UNSPECIFIED,40.725567,-73.80259,168.0,137
11367,Queens,40.72842,-73.820335,37.416666666666664,120131
11367,UNSPECIFIED,40.725636,-73.81773,192.0,2996
11368,Queens,40.748055,-73.860176,4.1866666666666665,315492
11368,UNSPECIFIED,40.74681,-73.86103,192.0,4446
11369,Queens,40.763226,-73.872635,5.8052777777777775,135666
11369,UNSPECIFIED,40.760902,-73.87233,216.0,1694
11370,Bronx,40.777584,-73.88983,21.421666666666667,264
11370,Queens,40.762627,-73.89046,7.150416666666667,87029
11370,UNSPECIFIED,40.761673,-73.88985,216.0,635
11371,Queens,40.772465,-73.87773,191.16958333333332,572
11371,UNSPECIFIED,40.771687,-73.87496,13.356388888888889,21
11372,Bronx,40.82506,-73.84224,693.5436111111111,1
11372,Queens,40.751545,-73.883286,16.033333333333335,209097
11372,UNSPECIFIED,40.75216,-73.88114,192.0,4063
11373,Brooklyn,40.56158,-74.11414,372.9841666666667,1
11373,Queens,40.741184,-73.87809,11.511944444444444,269054
11373,UNSPECIFIED,40.742424,-73.87743,216.0,4877
11374,Queens,40.726875,-73.86072,16.075833333333332,142021
11374,UNSPECIFIED,40.728474,-73.85959,168.0,2281
11375,Queens,40.722397,-73.8473,23.45,214145
11375,UNSPECIFIED,40.723846,-73.846565,192.0,3030
11377,Bronx,40.7566,-73.903984,22.5725,252
11377,Queens,40.74527,-73.9045,8.642777777777777,289081
11377,UNSPECIFIED,40.74522,-73.90579,192.0,4575
11378,Queens,40.723915,-73.901794,7.9375,196357
11378,UNSPECIFIED,40.72265,-73.90271,216.0,1016
11379,Queens,40.71799,-73.88079,11.849166666666667,155403
11379,UNSPECIFIED,40.719303,-73.87461,240.0,598
11385,Brooklyn,40.69417,-73.902466,10.401111111111112,269
11385,Queens,40.70363,-73.89564,11.2,476754
11385,UNSPECIFIED,40.70306,-73.900566,192.0,7269
11411,Queens,40.694733,-73.73764,24.683333333333334,70191
11411,UNSPECIFIED,40.697372,-73.74007,216.0,415
11412,Queens,40.69823,-73.75905,28.733333333333334,134198
11412,UNSPECIFIED,40.699314,-73.758484,240.0,1958
11413,Queens,40.67182,-73.75149,27.183333333333334,142522
11413,UNSPECIFIED,40.671604,-73.753494,216.0,1899
11414,Brooklyn,40.66193,-73.85642,13.85,187
11414,Queens,40.66205,-73.84467,45.766666666666666,125374
11414,UNSPECIFIED,40.66556,-73.8497,192.0,452
11415,Queens,40.707787,-73.83025,25.12625,73605
11415,UNSPECIFIED,40.707603,-73.83079,192.0,1471
11416,Brooklyn,40.68082,-73.86419,91.37555555555556,347
11416,Queens,40.684624,-73.84995,7.206250000000001,112259
11416,UNSPECIFIED,40.684395,-73.851166,216.0,1266
11417,Brooklyn,40.67835,-73.86214,253.2722222222222,1
11417,Queens,40.677578,-73.84368,13.56,148394
11417,UNSPECIFIED,40.67835,-73.8451,240.0,861
11418,Queens,40.69834,-73.83399,11.430833333333334,159061
11418,UNSPECIFIED,40.69845,-73.833466,216.0,2358
11419,Queens,40.68873,-73.824295,6.538055555555555,232530
11419,UNSPECIFIED,40.689198,-73.82378,192.0,2658
11420,Brooklyn,40.66993,-73.81912,2.7666666666666666,1
11420,Queens,40.675762,-73.815414,8.977638888888889,221051
11420,UNSPECIFIED,40.676502,-73.813286,192.0,1924
11421,Brooklyn,40.687172,-73.86706,33.45472222222222,36
11421,Queens,40.691402,-73.85806,5.269444444444445,184641
11421,UNSPECIFIED,40.691685,-73.85894,216.0,2056
11422,Queens,40.661736,-73.735085,25.483333333333334,99444
11422,UNSPECIFIED,40.659866,-73.73481,216.0,1127
11423,Queens,40.714478,-73.76833,23.733333333333334,110069
11423,UNSPECIFIED,40.711353,-73.76849,216.0,2344
11426,Queens,40.733284,-73.72187,37.225,57816
11426,UNSPECIFIED,40.735565,-73.72483,120.0,221
11427,Queens,40.72822,-73.74886,31.3,70161
11427,UNSPECIFIED,40.72547,-73.75344,192.0,758
11428,Queens,40.720676,-73.742935,24.0,69300
11428,UNSPECIFIED,40.718895,-73.74352,216.0,680
11429,Queens,40.70986,-73.74035,24.158333333333335,83594
11429,UNSPECIFIED,40.710445,-73.740715,240.0,934
11430,Queens,40.65006,-73.79008,376.01944444444445,19857
11430,UNSPECIFIED,40.657536,-73.78963,14.801388888888889,59
11432,Queens,40.7126,-73.795494,19.97763888888889,228572
11432,UNSPECIFIED,40.70952,-73.79557,216.0,3449
11433,Queens,40.697662,-73.78855,18.216666666666665,161166
11433,UNSPECIFIED,40.697586,-73.78802,240.0,3526
11434,Queens,40.67752,-73.776245,23.416666666666668,207783
11434,UNSPECIFIED,40.678333,-73.775986,240.0,3182
11435,Queens,40.700825,-73.80926,15.627083333333333,198005
11435,UNSPECIFIED,40.699726,-73.80794,216.0,4221
11436,Queens,40.67685,-73.79646,8.483333333333333,84566
11436,UNSPECIFIED,40.676285,-73.796585,264.0,1301
11451,Queens,40.70106,-73.80048,12.183472222222223,3
11472,Brooklyn,40.85822,-73.87056,1080.0,1
11510,UNSPECIFIED,40.62612,-73.96158,371.20694444444445,1
11516,UNSPECIFIED,40.63973,-73.9651,678.8063888888889,1
11518,UNSPECIFIED,40.68561,-73.98142,370.2725,1
11530,UNSPECIFIED,40.64824,-73.78824,205.8138888888889,1
11552,UNSPECIFIED,40.64392,-73.7831,146.80277777777778,1
11566,UNSPECIFIED,40.76424,-73.83336,2.531111111111111,1
11570,UNSPECIFIED,40.58773,-73.79972,874.1044444444444,1
11581,UNSPECIFIED,40.71241,-73.889465,450.1916666666666,2
11590,UNSPECIFIED,40.70573,-73.9042,370.3013888888889,1
11596,UNSPECIFIED,40.859,-73.93078,370.5388888888889,1
11691,Queens,40.600613,-73.75723,48.0,197343
11691,UNSPECIFIED,40.599953,-73.75709,216.0,5888
11692,Queens,40.593113,-73.79369,40.61666666666667,62214
11692,UNSPECIFIED,40.59263,-73.79307,192.0,1880
11693,Queens,40.59114,-73.81456,7.453194444444444,49457
11693,UNSPECIFIED,40.588398,-73.81381,168.0,513
11694,Queens,40.578808,-73.83966,18.23111111111111,92483
11694,UNSPECIFIED,40.579983,-73.83412,240.0,1048
11695,Queens,40.562595,-73.89721,1.49,301
11697,Queens,40.560608,-73.91032,1.7294444444444443,4642
11697,UNSPECIFIED,40.567245,-73.894035,564.0,40
11710,UNSPECIFIED,40.70114,-73.89927,371.95166666666665,3
11725,UNSPECIFIED,40.85319,-73.82817,375.6691666666667,1
11743,UNSPECIFIED,40.77158,-73.96346,376.3713888888889,1
11747,UNSPECIFIED,40.607933,-74.01993,371.25555555555553,3
11749,UNSPECIFIED,40.66986,-73.75975,372.24111111111114,1
11753,Bronx,40.81946,-73.88682,1080.0,1
11753,UNSPECIFIED,40.64824,-73.78824,1080.0,1
11767,UNSPECIFIED,40.86311,-73.89662,375.05083333333334,1
11776,UNSPECIFIED,40.81556,-73.92592,373.2502777777778,1
11791,UNSPECIFIED,40.68505,-73.95598,732.6469444444444,1
11803,UNSPECIFIED,40.77202,-73.87253,432.3647222222222,1
12345,Manhattan,40.817734,-73.94194,2.0130555555555554,298
14210,UNSPECIFIED,40.6336,-73.97109,369.6119444444444,1
14221,UNSPECIFIED,40.79193,-73.9496,365.32194444444445,1
19111,UNSPECIFIED,40.73507,-73.75556,1080.0,1
19886,UNSPECIFIED,40.59608,-73.97127,374.555,1
23502,UNSPECIFIED,40.81602,-73.86173,371.2577777777778,1
29601,UNSPECIFIED,40.50642,-74.24571,20.894444444444446,1
30339,UNSPECIFIED,40.74212,-73.99096,370.8566666666667,1
32752,UNSPECIFIED,40.60349,-73.99478,374.4411111111111,1
33126,UNSPECIFIED,40.64877,-73.93108,362.37305555555554,1
38153,UNSPECIFIED,40.67614,-73.77308,784.8619444444445,1
43226,UNSPECIFIED,40.85478,-73.92791,370.80361111111114,1
45040,UNSPECIFIED,40.82658,-73.85212,23.481666666666666,1
55419,UNSPECIFIED,40.75202,-73.9702,1080.0,1
75265,UNSPECIFIED,40.7613,-73.97,0.9391666666666667,1
80632,UNSPECIFIED,40.7857,-73.81536,373.5372222222222,1
84117,UNSPECIFIED,40.74936,-73.97595,777.8258333333333,1
92816,UNSPECIFIED,40.7207,-73.77454,372.9508333333333,1
